Date,beta,predicted,residual,z_score,soy_usd,usdbrl,signal,position,days_held,portfolio_value,position_size,cash,returns,cumulative_returns
2024-01-02,0.0004307320774686,4.933759637700356,-0.0813598116505511,-0.5780865459168192,1274.0,4.852399826049805,0,0,0,10000.0,0.0,10000.0,0.0,0.0
2024-01-03,0.0004242187615052,4.93109565376944,-0.0085955202550351,-0.0617385636054486,1269.5,4.922500133514404,0,0,0,10000.0,0.0,10000.0,0.0,0.0
2024-01-04,0.0004102212553526,4.928152961002461,-0.0089530174599801,-0.0657591000445827,1262.0,4.9191999435424805,0,0,0,10000.0,0.0,10000.0,0.0,0.0
2024-01-05,0.000399841322463,4.9231025116528,-0.027502669581267,-0.2059432486552627,1249.75,4.895599842071533,0,0,0,10000.0,0.0,10000.0,0.0,0.0
2024-01-08,0.0003878733440241,4.919640379176184,-0.0589731504774535,-0.4469605235795721,1239.5,4.8606672286987305,0,0,0,10000.0,0.0,10000.0,0.0,0.0
2024-01-09,0.0003836638823737,4.920079106549345,-0.0510791485110146,-0.3888229046092749,1241.5,4.86899995803833,0,0,0,10000.0,0.0,10000.0,0.0,0.0
2024-01-10,0.0003767331479144,4.915307791854405,-0.0102079230799905,-0.0781676839978189,1228.75,4.905099868774414,0,0,0,10000.0,0.0,10000.0,0.0,0.0
2024-01-11,0.000368862500255,4.916895771426169,-0.0254959110440893,-0.1959463265953282,1231.25,4.89139986038208,0,0,0,10000.0,0.0,10000.0,0.0,0.0
2024-01-12,0.0003634651066131,4.907944178844736,-0.0382442238581637,-0.294508282859596,1205.75,4.869699954986572,0,0,0,10000.0,0.0,10000.0,0.0,0.0
2024-01-16,0.0003621496985799,4.915523935542916,-0.053324152217721,-0.4108697131461201,1227.25,4.862199783325195,0,0,0,10000.0,0.0,10000.0,0.0,0.0
2024-01-17,0.0003591925156427,4.907640802754516,0.0172592521771246,0.1331597115965352,1205.75,4.924900054931641,0,0,0,10000.0,0.0,10000.0,0.0,0.0
2024-01-18,0.0003534442306599,4.911270147684923,0.022729867573866,0.1754879991573997,1213.5,4.934000015258789,0,0,0,10000.0,0.0,10000.0,0.0,0.0
2024-01-19,0.0003431332134361,4.912541433037688,0.0135583441839921,0.1050281116396078,1213.25,4.92609977722168,0,0,0,10000.0,0.0,10000.0,0.0,0.0
2024-01-22,0.0003345704917766,4.917236744864724,-0.0125946397621845,-0.0978642137928067,1224.25,4.904642105102539,0,0,0,10000.0,0.0,10000.0,0.0,0.0
2024-01-23,0.0003276077995795,4.922599257365073,0.0657005892840967,0.5130076953648942,1239.5,4.98829984664917,0,0,0,10000.0,0.0,10000.0,0.0,0.0
2024-01-24,0.0003152607545659,4.924249383415418,0.0279505524976677,0.2192314680798868,1240.25,4.952199935913086,0,0,0,10000.0,0.0,10000.0,0.0,0.0
2024-01-25,0.0003074448827785,4.919757114476272,0.0127427710828103,0.1001544033155809,1223.0,4.932499885559082,0,0,0,10000.0,0.0,10000.0,0.0,0.0
2024-01-26,0.0003032427978036,4.916124445720611,-0.0003243511161183,-0.0025504050551064,1209.25,4.915800094604492,0,0,0,10000.0,0.0,10000.0,0.0,0.0
2024-01-29,0.0003005747619239,4.911886788691835,0.0017131792647075,0.0134760948418871,1194.25,4.913599967956543,0,0,0,10000.0,0.0,10000.0,0.0,0.0
2024-01-30,0.0002949181975733,4.919873507132666,0.0303265737389164,0.2388107406573849,1218.75,4.950200080871582,0,0,0,10000.0,0.0,10000.0,0.0,0.0
2024-01-31,0.0002865897234143,4.922037039871607,0.0282631768031977,0.222823323530932,1222.25,4.950300216674805,0,0,0,10000.0,0.0,10000.0,0.0,0.0
2024-02-01,0.0002811375563889,4.917468285635794,0.0344317197047825,0.2715725742357518,1203.25,4.951900005340576,0,0,0,10000.0,0.0,10000.0,0.0,0.0
2024-02-02,0.0002759289391873,4.914334024584306,0.0006659372687209,0.0052529083710448,1188.5,4.914999961853027,0,0,0,10000.0,0.0,10000.0,0.0,0.0
2024-02-05,0.0002735152717465,4.916777813666096,0.0161602852413746,0.1274980264281391,1196.25,4.932938098907471,0,0,0,10000.0,0.0,10000.0,0.0,0.0
2024-02-06,0.0002643993194781,4.918862096793964,0.0310809688493476,0.245853007310569,1199.5,4.949943065643311,0,0,0,10000.0,0.0,10000.0,0.0,0.0
2024-02-07,0.0002545768608579,4.9175670927316855,0.0447327310293008,0.3547228694606069,1189.0,4.962299823760986,0,0,0,10000.0,0.0,10000.0,0.0,0.0
2024-02-08,0.0002398440968324,4.92087094262579,0.0484288506176184,0.3860633133775382,1193.5,4.969299793243408,0,0,0,10000.0,0.0,10000.0,0.0,0.0
2024-02-09,0.0002253544129868,4.920753329904566,0.0711466372890381,0.5699582234024405,1183.5,4.991899967193604,0,0,0,10000.0,0.0,10000.0,0.0,0.0
2024-02-12,0.0002014993529442,4.926523010028047,0.0265771944397261,0.215115045539105,1193.0,4.953100204467773,0,0,0,10000.0,0.0,10000.0,0.0,0.0
2024-02-13,0.0001856920083185,4.927466814613842,0.0247331212992438,0.2014318492237916,1186.25,4.952199935913086,0,0,0,10000.0,0.0,10000.0,0.0,0.0
2024-02-14,0.0001735266754706,4.926510488460808,0.0254896526829906,0.208349263748917,1170.5,4.952000141143799,0,0,0,10000.0,0.0,10000.0,0.0,0.0
2024-02-15,0.000159757717591,4.92732752517586,0.0409723405467961,0.3367671463317762,1162.25,4.968299865722656,0,0,0,10000.0,0.0,10000.0,0.0,0.0
2024-02-16,0.0001429123160107,4.931587495734431,0.0408126927116141,0.3378950185626713,1172.25,4.972400188446045,0,0,0,10000.0,0.0,10000.0,0.0,0.0
2024-02-20,0.0001260642093619,4.935068817436733,0.0213311001658063,0.1779309035633909,1179.0,4.956399917602539,0,0,0,10000.0,0.0,10000.0,0.0,0.0
2024-02-21,0.0001120907042253,4.935077510510239,-0.0086773258788914,-0.0727298715013254,1160.75,4.926400184631348,0,0,0,10000.0,0.0,10000.0,0.0,0.0
2024-02-22,0.0001007533335432,4.935364887265389,-0.0004650802890706,-0.0039180566626843,1147.75,4.934899806976318,0,0,0,10000.0,0.0,10000.0,0.0,0.0
2024-02-23,8.987406060768249e-05,4.935745693468248,0.026654266095961,0.2255664587084138,1133.0,4.962399959564209,0,0,0,10000.0,0.0,10000.0,0.0,0.0
2024-02-26,7.770948198609903e-05,4.938287444124354,0.0552127885721791,0.469061834795591,1136.0,4.993500232696533,0,0,0,10000.0,0.0,10000.0,0.0,0.0
2024-02-27,5.969932369365381e-05,4.941420434937623,0.0374795208118889,0.3209893297406637,1131.25,4.978899955749512,0,0,0,10000.0,0.0,10000.0,0.0,0.0
2024-02-28,4.579901503812327e-05,4.94400182339476,-0.0116015968017419,-0.1001777898564161,1134.0,4.932400226593018,0,0,0,10000.0,0.0,10000.0,0.0,0.0
2024-02-29,3.2950601994667644e-05,4.945618521025958,0.0216814171759462,0.1893809835153792,1128.25,4.967299938201904,0,0,0,10000.0,0.0,10000.0,0.0,0.0
2024-03-01,1.891840478311354e-05,4.948388225329359,0.0214117700930041,0.1884267515356757,1143.0,4.969799995422363,0,0,0,10000.0,0.0,10000.0,0.0,0.0
2024-03-04,2.7388786369574184e-06,4.951031036212234,0.0016691018798073,0.0148266907435059,1147.0,4.952700138092041,0,0,0,10000.0,0.0,10000.0,0.0,0.0
2024-03-05,-1.2792716376531249e-05,4.953442604366382,-0.0085425685082274,-0.0766082072014313,1140.75,4.944900035858154,0,0,0,10000.0,0.0,10000.0,0.0,0.0
2024-03-06,-2.4009323547613424e-05,4.955037515953643,0.0020623985971379,0.0186212998253473,1140.25,4.957099914550781,0,0,0,10000.0,0.0,10000.0,0.0,0.0
2024-03-07,-3.8553010538232845e-05,4.956560921772594,-0.0129607440077013,-0.118193588134147,1157.0,4.943600177764893,0,0,0,10000.0,0.0,10000.0,0.0,0.0
2024-03-08,-4.914753202416053e-05,4.95713124144853,-0.023331020959028,-0.2142326097422844,1170.5,4.933800220489502,0,0,0,10000.0,0.0,10000.0,0.0,0.0
2024-03-11,-5.992052547383949e-05,4.958441926222044,0.0190980899522728,0.176860454891856,1165.0,4.977540016174316,0,0,0,10000.0,0.0,10000.0,0.0,0.0
2024-03-12,-7.514673019971969e-05,4.95897682331008,0.0184230027397243,0.1729209490659319,1182.0,4.977399826049805,0,0,0,10000.0,0.0,10000.0,0.0,0.0
2024-03-13,-9.19718168700713e-05,4.960667359879666,0.0080325722187222,0.0767217765099659,1181.75,4.968699932098389,0,0,0,10000.0,0.0,10000.0,0.0,0.0
2024-03-14,-0.0001075858957478,4.962146630792539,0.0070535034848049,0.0686733384438835,1180.75,4.969200134277344,0,0,0,10000.0,0.0,10000.0,0.0,0.0
2024-03-15,-0.0001253758686967,4.961524376979016,0.0311757229660525,0.3112866016962632,1198.25,4.992700099945068,0,0,0,10000.0,0.0,10000.0,0.0,0.0
2024-03-18,-0.0001401940216377,4.964113279067328,0.0039338629614809,0.0400182617106198,1187.75,4.968047142028809,0,0,0,10000.0,0.0,10000.0,0.0,0.0
2024-03-19,-0.0001572054348093,4.9657492798466,0.063650591979572,0.6653283842342228,1185.5,5.029399871826172,0,0,0,10000.0,0.0,10000.0,0.0,0.0
2024-03-20,-0.0001735187682213,4.963179175707673,0.0668210341006769,0.713552713866479,1209.5,5.03000020980835,0,0,0,10000.0,0.0,10000.0,0.0,0.0
2024-03-21,-0.0001877308471403,4.963607796863815,0.002592078014115,0.0283217290703956,1212.0,4.96619987487793,0,0,0,10000.0,0.0,10000.0,0.0,0.0
2024-03-22,-0.0001958090787627,4.967247951119923,0.0072522281708495,0.0811528707300103,1192.5,4.974500179290772,0,0,0,10000.0,0.0,10000.0,0.0,0.0
2024-03-25,-0.0002069360156091,4.963971123926696,0.0369286677908338,0.4287568740717786,1209.25,5.000899791717529,0,0,0,10000.0,0.0,10000.0,0.0,0.0
2024-03-26,-0.0002195951075048,4.966720232464402,0.0054796843751976,0.0655575736025714,1199.0,4.9721999168396,0,0,0,10000.0,0.0,10000.0,0.0,0.0
2024-03-27,-0.0002320902560368,4.968854119678316,0.0068457819024949,0.0839576189127806,1192.5,4.9756999015808105,0,0,0,10000.0,0.0,10000.0,0.0,0.0
2024-03-28,-0.0002443977093845,4.96987986006216,0.0204203184656721,0.2558133574710057,1191.5,4.990300178527832,0,0,0,10000.0,0.0,10000.0,0.0,0.0
2024-04-01,-0.0002559361104942,4.972185699064661,0.041014107148718,0.5228521072427328,1185.75,5.013199806213379,0,0,0,10000.0,0.0,10000.0,0.0,0.0
2024-04-02,-0.0002693036774793,4.976718257546373,0.076881576895766,0.993060025812154,1174.0,5.053599834442139,0,0,0,10000.0,0.0,10000.0,0.0,0.0
2024-04-03,-0.0002845372902458,4.976413612018911,0.0879865840565292,1.1468721630442396,1182.25,5.06440019607544,0,0,0,10000.0,0.0,10000.0,0.0,0.0
2024-04-04,-0.0003001195634817,4.979071658455897,0.0595283095006458,0.7829240920424212,1180.0,5.038599967956543,0,0,0,10000.0,0.0,10000.0,0.0,0.0
2024-04-05,-0.0003145404435517,4.979169857690129,0.0782303689028882,1.0410750406083475,1185.0,5.057400226593018,0,0,0,10000.0,0.0,10000.0,0.0,0.0
2024-04-08,-0.0003264984409551,4.981769522876364,0.0731306464961942,0.9791415254788786,1181.5,5.054900169372559,0,0,0,10000.0,0.0,10000.0,0.0,0.0
2024-04-09,-0.0003392123974052,4.985633098020049,0.038266934023408,0.5169926493775355,1174.5,5.023900032043457,0,0,0,10000.0,0.0,10000.0,0.0,0.0
2024-04-10,-0.0003518803033724,4.990412291569208,0.0171875390582334,0.235221087067895,1164.75,5.007599830627441,0,0,0,10000.0,0.0,10000.0,0.0,0.0
2024-04-11,-0.0003607230713585,4.9933695246275365,0.0728302548829615,1.00339541237219,1159.25,5.066199779510498,0,0,0,10000.0,0.0,10000.0,0.0,0.0
2024-04-12,-0.0003675528910847,4.98919009847712,0.1012101204865034,1.392819495530575,1174.0,5.090400218963623,0,0,0,10000.0,0.0,10000.0,0.0,0.0
2024-04-15,-0.0003760932725058,4.996574098281314,0.120525663681577,1.6544332756127562,1158.25,5.117099761962891,0,0,0,10000.0,0.0,10000.0,0.0,0.0
2024-04-16,-0.000385890759234,5.003596318735138,0.1801037659511415,2.4611394262593222,1145.0,5.183700084686279,-1,-1,0,366.8551434788751,-0.95,9990.5,-0.9633144856521125,-96.33144856521125
2024-04-17,-0.0004020645775556,5.005041538310181,0.2804585112808837,3.7970345655278335,1149.5,5.2855000495910645,-1,-1,0,284.9344867959335,-0.95,9971.5,-0.22330518772638913,-97.15065513204067
2024-04-18,-0.0004260733510476,5.016267865896367,0.2163323462008008,2.864690577367863,1134.25,5.232600212097168,0,-1,1,566.5805886816506,-0.95,9971.5,0.9884591544281144,-94.33419411318349
2024-04-19,-0.0004525028362402,5.013804708262244,0.2278954641620725,3.0183880938958243,1150.5,5.241700172424316,0,-1,2,454.978649313196,-0.95,9971.5,-0.19697451977332273,-95.45021350686804
2024-04-22,-0.0004757879990582,5.012868611570957,0.1933315112622953,2.5461182601609584,1161.0,5.206200122833252,0,-1,3,535.8399011811707,-0.95,9971.5,0.17772537676226613,-94.64160098818829
2024-04-23,-0.0004950276354246,5.012690858326047,0.1530091004752227,2.0123225114883363,1167.5,5.1656999588012695,0,-1,4,545.4025679432489,-0.95,9971.5,0.017846126690078193,-94.54597432056751
2024-04-24,-0.0005096258296243,5.015588878673147,0.114910961109568,1.512445023926397,1166.0,5.130499839782715,0,-1,5,536.2349116950791,-0.95,9971.5,-0.016808971550577177,-94.6376508830492
2024-04-25,-0.0005225677163148,5.018961787182434,0.1265383959230348,1.6759513667644594,1162.75,5.145500183105469,0,-1,6,443.7242927558109,-0.95,9971.5,-0.17251882882230685,-95.5627570724419
2024-04-26,-0.0005351543434328,5.022449605251063,0.1361502482645615,1.810068887037892,1159.5,5.158599853515625,0,-1,7,447.3144272727677,-0.95,9971.5,0.008090912703155822,-95.52685572727232
2024-04-29,-0.0005468272921171,5.023663942768292,0.0918360305288272,1.2179761977646468,1160.75,5.115499973297119,0,-1,8,550.8720919828211,-0.95,9971.5,0.23150978013705997,-94.49127908017178
2024-04-30,-0.0005573901722449,5.033622195870574,0.0833779071262519,1.1085558612121964,1145.5,5.117000102996826,0,-1,9,468.7141076685348,-0.95,9971.5,-0.14914167101579795,-95.31285892331465
2024-05-01,-0.0005670911060268,5.029260890575671,0.1646392177617315,2.1946372174523465,1155.75,5.193900108337402,-1,-1,0,309.7307922550917,-0.95,9952.5,-0.33919037812677244,-96.90269207744907
2024-05-02,-0.0005836221188111,5.011752395155047,0.1826474385241523,2.438409786428029,1190.0,5.194399833679199,0,-1,1,451.5859680301819,-0.95,9952.5,0.4579950696612025,-95.48414031969818
2024-05-03,-0.0005970863859875,5.006511809019537,0.1037882550673767,1.3782697201479668,1201.75,5.110300064086914,0,-1,2,606.3094557039149,-0.95,9952.5,0.3426224431831592,-93.93690544296085
2024-05-06,-0.0006081509990332,4.987470795523912,0.0834291678549945,1.1110478790064906,1234.75,5.070899963378906,0,-1,3,525.7444185335626,-0.95,9952.5,-0.1328777514723363,-94.74255581466437
2024-05-07,-0.00061603799723,4.98947443047001,0.085425719829062,1.1394873093518876,1232.25,5.074900150299072,0,-1,4,445.00591097911274,-0.95,9952.5,-0.15356988055080156,-95.54994089020887
2024-05-08,-0.0006258475560746,5.002112583991604,0.0711873008045387,0.9552358362678856,1212.75,5.073299884796143,0,-1,5,455.49562983065516,-0.95,9952.5,0.023572088803186207,-95.44504370169345
2024-05-09,-0.0006336769239132,5.01528586116639,0.0726143005767738,0.9780735046154028,1192.75,5.087900161743164,0,-1,6,425.1602735603374,-0.95,9952.5,-0.06659856710721003,-95.74839726439663
2024-05-10,-0.0006405657904519,5.008139811649326,0.1326601875877342,1.7883656112004214,1205.0,5.1407999992370605,0,-1,7,353.7267457662074,-0.95,9952.5,-0.16801552787596552,-96.46273254233793
2024-05-13,-0.0006481097446732,5.0087999819829365,0.1144600392267802,1.535940425827621,1205.5,5.123260021209717,0,-1,8,484.913202475198,-0.95,9952.5,0.37086948691094207,-95.15086797524802
2024-05-14,-0.0006531568407589,5.013832384993569,0.1403676920633154,1.875799754084707,1199.0,5.154200077056885,0,-1,9,395.1282231760142,-0.95,9952.5,-0.1851568050547686,-96.04871776823985
2024-05-15,-0.0006576221727279,5.005382452633832,0.122417535159137,1.624810659255968,1213.5,5.127799987792969,0,0,0,501.15950957620043,-0.95,9952.5,0.26834652697778416,-94.988404904238
2024-05-16,-0.0006614215560709,5.00431944966661,0.1292807853187412,1.707106223208236,1216.25,5.133600234985352,0,0,0,441.75419313178827,-0.95,9952.5,-0.11853574622308886,-95.58245806868212
2024-05-17,-0.0006652041226974,4.997290909775475,0.1313092107689586,1.7239996997797586,1228.0,5.128600120544434,0,0,0,461.7529774455361,-0.95,9952.5,0.045271294816621226,-95.38247022554464
2024-05-20,-0.000668429530254,4.984596696628264,0.1174035398829671,1.5325930880995653,1248.0,5.102000236511231,0,0,0,501.77249003156794,-0.95,9952.5,0.0866686616888186,-94.98227509968432
2024-05-21,-0.0006715335456364,4.992815302729533,0.1102845202685136,1.4356579379393577,1236.25,5.103099822998047,0,0,0,450.4525536768906,-0.95,9952.5,-0.10227730171386769,-95.49547446323109
2024-05-22,-0.0006741135545946,4.986550083312832,0.135349998321689,1.7553368309273776,1246.25,5.1219000816345215,0,0,0,417.50118295911125,-0.95,9952.5,-0.07315170143627459,-95.82498817040889
2024-05-23,-0.000676825204311,4.991819437265967,0.1592807214254392,2.0540740220672915,1239.25,5.151100158691406,-1,-1,0,379.34026872467257,-0.95,9933.5,-0.09140312840305422,-96.20659731275327
2024-05-24,-0.0006801921846351,4.986604294187636,0.1564954906634383,2.00178969009303,1248.0,5.143099784851074,0,-1,1,448.25481919234517,-0.95,9933.5,0.1816694829140093,-95.51745180807654
2024-05-28,-0.0006842918658978,4.99965375811016,0.1720462426527804,2.191768312035071,1229.5,5.17170000076294,0,-1,2,380.6715380745627,-0.95,9933.5,-0.15076978143715755,-96.19328461925437
2024-05-29,-0.0006882124421949,5.011016041851003,0.150284140491526,1.898955623924191,1214.0,5.161300182342529,0,-1,3,452.6036361311235,-0.95,9933.5,0.1889610618655481,-95.47396363868876
2024-05-30,-0.0006924974072885,5.014582561968707,0.1875172381411562,2.3576659730056284,1209.75,5.202099800109863,0,-1,4,358.4033470063059,-0.95,9933.5,-0.20812976654373777,-96.41596652993694
2024-05-31,-0.0006993495518367,5.018753031136737,0.1833467689731263,2.290903201580961,1205.0,5.202099800109863,0,-1,5,433.5,-0.95,9933.5,0.20953111521130072,-95.665
2024-06-03,-0.0007068116268682,5.034260772687747,0.2101392517263161,2.606283315849691,1184.5,5.244400024414063,0,-1,6,356.2519374231506,-0.95,9933.5,-0.17819622278396632,-96.43748062576849
2024-06-04,-0.000715324909106,5.039817007204641,0.2091830652746074,2.5613214035427254,1179.0,5.249000072479248,0,-1,7,425.1672152360952,-0.95,9933.5,0.19344534183146944,-95.74832784763905
2024-06-05,-0.0007235906399491,5.042829372701847,0.2448708035371671,2.960121476319714,1177.25,5.287700176239014,0,-1,8,363.4579004303341,-0.95,9933.5,-0.1451412822870031,-96.36542099569667
2024-06-06,-0.0007331230052089,5.028228997153668,0.2721707831197699,3.2344192904569478,1200.0,5.3003997802734375,0,-1,9,410.68360831630343,-0.95,9933.5,0.12993446511976786,-95.89316391683697
2024-06-07,-0.0007418585735119,5.045465392418798,0.2116347128668465,2.464455417374344,1179.25,5.2571001052856445,-1,-1,0,492.10677108072923,-0.95,9914.5,0.1982625094248093,-95.07893228919271
2024-06-10,-0.000750750720892,5.040434846660177,0.2300062086376746,2.6473411068087405,1188.25,5.270441055297852,0,-1,1,390.39183721486734,-0.95,9914.5,-0.20669281514351637,-96.09608162785133
2024-06-11,-0.0007579654277098,5.049962185088155,0.3028377073373818,3.4386474604215422,1178.0,5.352799892425537,0,-1,2,266.04772731467347,-0.95,9914.5,-0.31851103954244886,-97.33952272685326
2024-06-12,-0.0007684778676288,5.053016270709005,0.3118838414430946,3.461516559896091,1177.25,5.3649001121521,0,-1,3,393.0248674128452,-0.95,9914.5,0.47727203453231115,-96.06975132587155
2024-06-13,-0.0007791109713116,5.04603143484437,0.3549685880438131,3.8500934260695696,1189.5,5.401000022888184,-1,-1,0,331.5753891361419,-0.95,9895.5,-0.15635010242788255,-96.68424610863859
2024-06-14,-0.0007887123925604,5.0562711309511,0.3053287912290754,3.2197725045203733,1179.75,5.361599922180176,0,-1,1,464.8021579596134,-0.95,9895.5,0.4017993288662621,-95.35197842040387
2024-06-17,-0.0007984674556779,5.076191285227128,0.2810088604943086,2.9044298781289712,1157.75,5.357200145721436,0,-1,2,403.2957842742253,-0.95,9895.5,-0.1323280725618584,-95.96704215725774
2024-06-18,-0.0008077828735725,5.065560257161828,0.3584395292151257,3.645750087980277,1174.0,5.423999786376953,-1,-1,0,258.043237331869,-0.95,9876.5,-0.3601638117882984,-97.41956762668131
2024-06-20,-0.0008212776998549,5.083890005369076,0.3385099923421055,3.3557042120063287,1155.25,5.422399997711182,0,-1,1,379.3019898457587,-0.95,9876.5,0.46991641310847065,-96.20698010154241
2024-06-21,-0.000833406658226,5.082573391030085,0.3698268164894465,3.5879209738864515,1160.5,5.452400207519531,-1,-1,0,304.9398802560463,-0.95,9857.5,-0.19604987999127396,-96.95060119743954
2024-06-24,-0.0008465395065727,5.073298719956119,0.3528272833092618,3.339528882596692,1175.25,5.426126003265381,0,-1,1,403.27891037238805,-0.95,9857.5,0.3224866161610946,-95.96721089627613
2024-06-25,-0.0008601545652052,5.086445775863812,0.3028540936735417,2.8051505674834623,1163.25,5.3892998695373535,0,-1,2,421.9747781761289,-0.95,9857.5,0.04635964669334446,-95.78025221823872
2024-06-26,-0.0008701565537647,5.089387238584452,0.3613125676289268,3.296186100886627,1162.75,5.450699806213379,0,-1,3,249.2671288399997,-0.95,9857.5,-0.40928429438984715,-97.50732871160001
2024-06-27,-0.0008834643996975,5.101755584095091,0.4207444540518814,3.758718801488506,1152.25,5.522500038146973,-1,-1,0,213.35970102561987,-0.95,9838.5,-0.14405199747548023,-97.8664029897438
2024-06-28,-0.000905668325276,5.107623669052721,0.392876533126234,3.416464834778953,1150.5,5.500500202178955,0,-1,1,376.3448963789033,-0.95,9838.5,0.7638986864427244,-96.23655103621097
2024-07-01,-0.0009362323478479,5.104112086877279,0.4877877849488925,4.155957246731469,1159.5,5.591899871826172,-1,-1,0,161.642199848553,-0.95,9819.5,-0.5704945080859767,-98.38357800151446
2024-07-02,-0.0009638690341848,5.103684715889518,0.5513154939188318,4.546594334076185,1165.0,5.65500020980835,-1,-1,0,193.29972378423008,-0.95,9800.5,0.1958493757529772,-98.0670027621577
2024-07-03,-0.0009983951073815,5.09768293311902,0.5778169829576401,4.588101534695198,1176.5,5.67549991607666,-1,-1,0,247.06194477037025,-0.95,9781.5,0.2781288039819032,-97.5293805522963
2024-07-05,-0.0010303311237679,5.090241590791191,0.3961585366196978,3.0256538756785,1188.5,5.486400127410889,0,-1,1,598.0268291584562,-0.95,9781.5,1.4205542043890549,-94.01973170841545
2024-07-08,-0.0010553027380426,5.108346150204257,0.3629439613374909,2.7286903248580137,1174.25,5.471290111541748,0,-1,2,307.66381368899056,-0.95,9781.5,-0.4855350986143292,-96.92336186311009
2024-07-09,-0.0010809766744023,5.125529446012104,0.3448704105552789,2.55925729301883,1161.5,5.470399856567383,0,-1,3,283.045782088695,-0.95,9781.5,-0.08001601262468037,-97.16954217911305
2024-07-10,-0.0011138289435018,5.152274100904516,0.2648258517932378,1.9459663057026777,1141.25,5.417099952697754,0,-1,4,374.06162255736854,-0.95,9781.5,0.32155872381151723,-96.25938377442631
2024-07-11,-0.0011363381714183,5.154075376412356,0.2606246548681614,1.9025147980312287,1142.75,5.414700031280518,0,-1,5,285.708756283404,-0.95,9781.5,-0.23619869279804068,-97.14291243716596
2024-07-12,-0.0011603054825488,5.167232779694835,0.2707674224841199,1.9643368381206312,1134.5,5.438000202178955,0,-1,6,240.62024262536943,-0.95,9781.5,-0.15781285195652098,-97.59379757374631
2024-07-15,-0.0011807624362624,5.237455904772105,0.185344159314809,1.3348172215467848,1078.0,5.422800064086914,0,-1,7,308.05412035779773,-0.95,9781.5,0.2802502274815615,-96.91945879642202
2024-07-16,-0.0011991270694298,5.226442378013632,0.2203578539199622,1.581638837874827,1090.5,5.446800231933594,0,-1,8,239.4550062976832,-0.95,9781.5,-0.22268526705774372,-97.60544993702317
2024-07-17,-0.0012226245951214,5.222788255474115,0.2015119383125059,1.4399233431579537,1097.25,5.424300193786621,0,-1,9,320.7432902427845,-0.95,9781.5,0.339472058663272,-96.79256709757216
2024-07-18,-0.0012450492737294,5.225356703044489,0.2623432824596614,1.8679814506417316,1098.5,5.48769998550415,0,0,0,170.46299987112616,-0.95,9781.5,-0.46853759671139084,-98.29537000128875
2024-07-19,-0.0012710507800485,5.231854238076742,0.3113457779449868,2.202685844939076,1097.25,5.5432000160217285,-1,-1,0,166.42144408226886,-0.95,9762.5,-0.02370928466536903,-98.33578555917731
2024-07-22,-0.0013037144145153,5.21118929234443,0.3096828237444375,2.1717928757789644,1117.75,5.520872116088867,0,-1,1,300.76581194059327,-0.95,9762.5,0.8072539485471147,-96.99234188059407
2024-07-23,-0.0013368861362488,5.216857476898606,0.3538426917110131,2.4611168468649134,1117.5,5.570700168609619,0,-1,2,176.75874590217973,-0.95,9762.5,-0.4123043946993124,-98.2324125409782
2024-07-24,-0.0013661658372263,5.230900424263517,0.3543995444559655,2.4365236917983406,1111.0,5.585299968719482,0,-1,3,237.60221393259417,-0.95,9762.5,0.344217581539563,-97.62397786067406
2024-07-25,-0.0014092596540594,5.230781623392604,0.4228185925192615,2.877377752614175,1116.0,5.653600215911865,0,-1,4,146.32855854447735,-0.95,9762.5,-0.38414480184098965,-98.53671441455522
2024-07-26,-0.0014534221277625,5.29387687002559,0.3492229148254839,2.3407557065969646,1077.5,5.643099784851074,0,-1,5,280.1443489578123,-0.95,9762.5,0.9144885437565556,-97.19855651042188
2024-07-29,-0.001491345627287,5.335422256844531,0.2874186245031254,1.906532152408252,1054.75,5.622840881347656,0,-1,6,296.6052950718913,-0.95,9762.5,0.05875880122271492,-97.03394704928108
2024-07-30,-0.0015181264467272,5.383516674278537,0.23098337149783,1.5214980105106382,1027.25,5.614500045776367,0,-1,7,276.59215369940466,-0.95,9762.5,-0.06747398547836393,-97.23407846300596
2024-07-31,-0.0015429710036189,5.38795421869,0.2231459781483789,1.4633487842005155,1028.5,5.611100196838379,0,-1,8,268.2527054319253,-0.95,9762.5,-0.030150704406975135,-97.31747294568075
2024-08-01,-0.0015712326522058,5.404977399223393,0.2516225992507284,1.64337402637568,1022.0,5.656599998474121,0,-1,9,185.4655325379681,-0.95,9762.5,-0.3086163577014367,-98.14534467462032
2024-08-02,-0.001605450103938,5.401609852199439,0.3489900089455817,2.2679046242295,1029.25,5.75059986114502,-1,-1,0,85.63154622663205,-0.95,9743.5,-0.5382886240110315,-99.14368453773368
2024-08-05,-0.001665011027842,5.389734121113204,0.3369657079883588,2.174665841925869,1044.25,5.7266998291015625,0,-1,1,282.9828904627775,-0.95,9743.5,2.3046570210683375,-97.17017109537223
2024-08-06,-0.0017107220439544,5.42636054662894,0.2945395121173977,1.8857016903166663,1028.5,5.720900058746338,0,-1,2,253.12121641065278,-0.95,9743.5,-0.10552466265112455,-97.46878783589348
2024-08-07,-0.0017601695317805,5.451622696938268,0.2038772382118789,1.2992386592174192,1020.25,5.6554999351501465,0,-1,3,352.1019975500094,-0.95,9743.5,0.3910410298391366,-96.4789800244999
2024-08-08,-0.0018016110787218,5.479494473297389,0.1563054114987538,0.9953389422007424,1009.75,5.635799884796143,0,-1,4,276.591765627978,-0.95,9743.5,-0.21445556244339847,-97.23408234372022
2024-08-09,-0.0018341110651642,5.453267628085419,0.0928325115325012,0.5911078401266837,1028.0,5.54610013961792,0,-1,5,394.7025970780087,-0.95,9743.5,0.42702222599385814,-96.05297402921991
2024-08-12,-0.0018551108013727,5.487072344363339,0.0192276281708405,0.1225038469424081,1012.0,5.50629997253418,0,0,0,311.6743166868928,-0.95,9743.5,-0.21035655961165686,-96.88325683313107
2024-08-13,-0.0018680575760205,5.53240986064827,-0.0405098934546659,-0.2584369425774075,989.0,5.491899967193604,0,0,0,268.34427862954,-0.95,9743.5,-0.13902344767433,-97.3165572137046
2024-08-14,-0.0018657894294897,5.548749767554414,-0.0930498469001168,-0.5936851590000642,979.75,5.455699920654297,0,0,0,306.1195750428342,-0.95,9743.5,0.14077176009198433,-96.93880424957165
2024-08-15,-0.0018596568830109,5.599016917681971,-0.1301167139771371,-0.8302456436538874,951.5,5.468900203704834,0,0,0,220.51437197721316,-0.95,9743.5,-0.2796462887211398,-97.79485628022788
2024-08-16,-0.0018482111239905,5.618522277802318,-0.1336222800911359,-0.8522283370786423,938.75,5.484899997711182,0,0,0,215.7068354881776,-0.95,9743.5,-0.02180146557310261,-97.84293164511823
2024-08-19,-0.0018396912948124,5.582812922436931,-0.1115127973148606,-0.7113539143973182,956.25,5.47130012512207,0,0,0,267.05535919533213,-0.95,9743.5,0.23804773544122954,-97.32944640804668
2024-08-20,-0.001836099379836,5.578999210109078,-0.173399139155709,-1.1069417725716542,957.25,5.405600070953369,0,0,0,357.5771846415082,-0.95,9743.5,0.33896277430615335,-96.4242281535849
2024-08-21,-0.0018230888358364,5.563919081144716,-0.0858192581466692,-0.5472242967003677,963.0,5.478099822998047,0,0,0,116.08627434808113,-0.95,9743.5,-0.6753532402676521,-98.8391372565192
2024-08-22,-0.0018194768992926,5.601845266339487,-0.119345190045542,-0.7611265735364051,941.25,5.482500076293945,0,0,0,235.8691776963351,-0.95,9743.5,1.0318438077277647,-97.64130822303665
2024-08-23,-0.0018070815808889,5.578433430408461,0.0124665138969586,0.0794205963332625,952.0,5.59089994430542,0,0,0,55.66621399390169,-0.95,9743.5,-0.7639953870294659,-99.44333786006099
2024-08-26,-0.0018138623843429,5.565896062841757,-0.0804958629516203,-0.5130625604082548,959.75,5.485400199890137,0,0,0,422.76408662813265,-0.95,9743.5,6.594626188776679,-95.77235913371868
2024-08-27,-0.0018125769303469,5.550823868725147,-0.0551239862178229,-0.3514211855041375,967.5,5.495699882507324,0,0,0,225.66228874873195,-0.95,9743.5,-0.46622171587808814,-97.74337711251269
2024-08-28,-0.0018122031796898,5.5665298723501015,-0.0586296343129921,-0.3738420688577122,958.5,5.507900238037109,0,0,0,222.4101697671158,-0.95,9743.5,-0.014411441981062615,-97.77589830232884
2024-08-29,-0.0018097995040585,5.537889768316384,0.0243103011111065,0.1550006609416205,973.75,5.56220006942749,0,0,0,149.84391039870025,-0.95,9743.5,-0.3262722178774433,-98.50156089601299
2024-08-30,-0.0018150808515987,5.524049802714576,0.1036500492751706,0.6609690180764506,982.0,5.627699851989746,0,0,0,131.62917072839446,-0.95,9743.5,-0.12155809082825288,-98.68370829271605
2024-09-03,-0.0018307080088109,5.50007072935496,0.1150291775664262,0.7336383110217497,997.0,5.615099906921387,0,0,0,264.7696983310325,-0.95,9743.5,1.011481929620009,-97.35230301668967
2024-09-04,-0.0018445977814619,5.486493064561193,0.1610069735857795,1.0263560912478666,1006.0,5.647500038146973,0,0,0,188.68330007563054,-0.95,9743.5,-0.2873682250461823,-98.11316699924369
2024-09-05,-0.0018651070431473,5.486453358240192,0.1555468401240656,0.9909883205236222,1008.25,5.642000198364258,0,0,0,252.7516117897958,-0.95,9743.5,0.3395547549172849,-97.47248388210204
2024-09-06,-0.0018832971846036,5.525907990744697,0.0415921236962208,0.2647842591281101,989.25,5.567500114440918,0,0,0,368.9432421815436,-0.95,9743.5,0.45970678314953783,-96.31056757818457
2024-09-09,-0.0018939966789321,5.507460163137674,0.089139892556906,0.5681815923831739,1000.0,5.59660005569458,0,0,0,193.84585788462937,-0.95,9743.5,-0.47459165605411785,-98.0615414211537
2024-09-10,-0.0019091009073729,5.55320674592958,0.0310932952691507,0.1984023708011691,977.5,5.5843000411987305,0,0,0,264.3787722095094,-0.95,9743.5,0.3638608278483768,-97.3562122779049
2024-09-11,-0.0019143200106371,5.549963328108685,0.1129366428996156,0.7207437298300123,979.75,5.662899971008301,0,0,0,109.78595747326108,-0.95,9743.5,-0.5847398921035151,-98.90214042526739
2024-09-12,-0.0019275047473972,5.530307648838683,0.1370922344315808,0.8744662918588506,991.5,5.667399883270264,0,0,0,235.95101154752774,-0.95,9743.5,1.1491911805295754,-97.64048988452471
2024-09-13,-0.0019413248320681,5.542632023143733,0.0830679738045088,0.5292541191075716,986.75,5.625699996948242,0,0,0,313.39958856240264,-0.95,9743.5,0.32824007198322347,-96.86600411437597
2024-09-16,-0.0019482528467665,5.509767737894333,0.1026022762963405,0.6533632698227826,1004.5,5.612370014190674,0,0,0,266.0100585288219,-0.95,9743.5,-0.15121120691626166,-97.33989941471178
2024-09-17,-0.0019536995302883,5.508407817228988,-0.0045077661120442,-0.0286837421123353,1006.0,5.503900051116943,0,0,0,427.1059715583524,-0.95,9743.5,0.6056008329928468,-95.72894028441648
2024-09-18,-0.0019511480092197,5.492508736608714,-0.0108087930662339,-0.0687923145385313,1014.0,5.4816999435424805,0,0,0,281.8184687219382,-0.95,9743.5,-0.34016734138910215,-97.18181531278061
2024-09-19,-0.0019490773847828,5.493681985985432,-0.0326820203177078,-0.2080170448337945,1013.25,5.460999965667725,0,0,0,279.3738697549179,-0.95,9743.5,-0.008674374600453514,-97.20626130245083
2024-09-20,-0.001944476088475,5.495447458301907,-0.0715473308910183,-0.4555244431070606,1012.0,5.423900127410889,0,0,0,308.03918067308405,-0.95,9743.5,0.10260555485490797,-96.91960819326916
2024-09-23,-0.0019397248157372,5.4415011884127376,0.0720986841763737,0.4588496426092934,1039.25,5.513599872589111,0,0,0,86.39025255339766,-0.95,9743.5,-0.7195478433469736,-99.13609747446603
2024-09-24,-0.0019432304460532,5.436500745022166,0.0995991657139176,0.6336061582589128,1042.25,5.536099910736084,0,0,0,204.7321591454438,-0.95,9743.5,1.3698525365335543,-97.95267840854555
2024-09-25,-0.0019498250774769,5.416243275525598,0.0334566031670293,0.2126927520851207,1053.25,5.449699878692627,0,0,0,391.763275166164,-0.95,9743.5,0.9135404852925496,-96.08236724833836
2024-09-26,-0.001953769573353,5.440598586504747,0.0332015958377827,0.211109544441157,1041.0,5.473800182342529,0,0,0,201.48798286686724,-0.95,9743.5,-0.48568945677359027,-97.98512017133133
2024-09-27,-0.0019598932555196,5.3926616099583455,0.0440382572901896,0.2802588956398343,1065.75,5.436699867248535,0,0,0,307.8890864942223,-0.95,9743.5,0.5280766729282279,-96.92110913505778
2024-09-30,-0.0019633229265799,5.41021647346619,0.0229834090411342,0.1462734504718816,1057.0,5.433199882507324,0,0,0,249.61581581720202,-0.95,9743.5,-0.18926708751046878,-97.50384184182798
2024-10-01,-0.0019664741486979,5.409951624858737,0.0385485315438511,0.24540760969392,1057.25,5.448500156402588,0,0,0,216.74733027529874,-0.95,9743.5,-0.13167629396517663,-97.83252669724702
2024-10-02,-0.0019705497120444,5.41277132082991,0.0112284655470427,0.071507226294382,1056.0,5.423999786376953,0,0,0,286.2188232655226,-0.95,9743.5,0.32051833303776134,-97.13781176734477
2024-10-03,-0.0019768969826873,5.432647397568638,0.0076525902243309,0.0488653053539074,1046.0,5.440299987792969,0,0,0,214.95060480255233,-0.95,9743.5,-0.2489990618012407,-97.85049395197447
2024-10-04,-0.0019838166052087,5.449220763583504,0.0270789991423257,0.173404848822844,1037.75,5.47629976272583,0,0,0,180.6362125931355,-0.95,9743.5,-0.15963850039378621,-98.19363787406864
2024-10-07,-0.0019902493952495,5.457021002675267,-0.0027210759174547,-0.0174648504825591,1034.0,5.4542999267578125,0,0,0,281.66417120163896,-0.95,9743.5,0.5592896194964991,-97.18335828798361
2024-10-08,-0.0019945155977307,5.492435856710157,0.0017643729346179,0.0113447085712198,1016.25,5.494200229644775,0,0,0,174.00384421168746,-0.95,9743.5,-0.38222939939662814,-98.25996155788313
2024-10-09,-0.0019995634091504,5.484644378805124,0.050055538034476,0.3224710186188557,1020.25,5.5346999168396,0,0,0,173.47215021854026,-0.95,9743.5,-0.003055645095405817,-98.2652784978146
2024-10-10,-0.002003007286356,5.496271845425008,0.0998280080906175,0.643037134462965,1014.75,5.596099853515625,0,0,0,138.11047442743438,-0.95,9743.5,-0.2038464142316633,-98.61889525572566
2024-10-11,-0.0020124957170248,5.516380346828107,0.0653195013469414,0.4207960792637027,1005.5,5.581699848175049,0,0,0,267.9456057462121,-0.95,9743.5,0.9400817125351004,-97.32054394253787
2024-10-14,-0.0020191529578547,5.536609034639875,0.0739909600195485,0.4767641180048032,996.0,5.610599994659424,0,0,0,194.3122258327221,-0.95,9743.5,-0.2748071934541548,-98.05687774167278
2024-10-15,-0.0020272408260616,5.5480729826729736,0.046626876946167,0.3005487079029766,991.0,5.594699859619141,0,0,0,270.4224829833656,-0.95,9743.5,0.391690521913761,-97.29577517016634
2024-10-16,-0.0020346133543068,5.571527236408369,0.0804727140005674,0.5191430755632027,980.0,5.651999950408936,0,0,0,146.20240117222056,-0.95,9743.5,-0.45935559958151173,-98.5379759882778
2024-10-17,-0.0020461835898275,5.555578168061129,0.1124220531913122,0.7260612279699435,988.75,5.668000221252441,0,0,0,216.60640935120682,-0.95,9743.5,0.4815516545179936,-97.83393590648794
2024-10-18,-0.0020610483666612,5.596660753927251,0.0551394017123971,0.3566051388676643,970.0,5.651800155639648,0,0,0,270.6525436333741,-0.95,9743.5,0.24951308894344193,-97.29347456366627
2024-10-21,-0.0020713018877242,5.575509593523276,0.0603904270760891,0.3912244940555199,981.0,5.635900020599365,0,0,0,270.2262250474232,-0.95,9743.5,-0.0015751508566213877,-97.29773774952577
2024-10-22,-0.0020784406714706,5.554368373956942,0.1337314871880783,0.8666702568747809,991.75,5.68809986114502,0,0,0,155.51077319129217,-0.95,9743.5,-0.4245163541621436,-98.44489226808707
2024-10-23,-0.0020896788739013,5.544471237809926,0.1448288224622906,0.9378316139135472,997.5,5.689300060272217,0,0,0,241.49548320411122,-0.95,9743.5,0.5529180277886611,-97.58504516795888
2024-10-24,-0.002099601891655,5.549101726232035,0.1373983462472132,0.8883974547648452,996.25,5.686500072479248,0,0,0,248.17542294331543,-0.95,9743.5,0.027660723300395384,-97.51824577056685
2024-10-25,-0.0021084371842177,5.568875801802255,0.0951242325300203,0.6141882529977485,987.75,5.664000034332275,0,0,0,281.089089892168,-0.95,9743.5,0.13262258832281795,-97.18910910107832
2024-10-28,-0.0021167168035489,5.599517272016733,0.0862956781175441,0.5569958538127194,974.0,5.685812950134277,0,0,0,206.9140715284375,-0.95,9743.5,-0.26388437342831655,-97.93085928471562
2024-10-29,-0.0021220442810408,5.619394269839216,0.0908055630770441,0.5857489832745121,965.25,5.71019983291626,0,0,0,202.75377980938356,-0.95,9743.5,-0.020106374053357485,-97.97246220190617
2024-10-30,-0.0021320338956789,5.597261612544608,0.1627386163372275,1.0501137667494709,976.5,5.760000228881836,0,0,0,160.64759981852512,-0.95,9743.5,-0.20767149214403813,-98.39352400181475
2024-10-31,-0.0021458235320803,5.587094119255745,0.1752058952401043,1.129225223938976,982.5,5.76230001449585,0,0,0,239.70695096094278,-0.95,9743.5,0.4921290528568538,-97.60293049039058
2024-11-01,-0.0021579652120395,5.589671261165565,0.199728839542443,1.284403130174104,982.5,5.789400100708008,0,0,0,198.8215177328766,-0.95,9743.5,-0.17056423714107458,-98.01178482267123
2024-11-04,-0.0021745766062367,5.582563287088997,0.0949627100728678,0.6093020870746356,987.25,5.677525997161865,0,0,0,427.07756679459453,-0.95,9743.5,1.1480449986725663,-95.72922433205406
2024-11-05,-0.0021845218286842,5.57005147132387,0.2205483516741768,1.4149117892335925,993.75,5.790599822998047,0,0,0,54.29763510009252,-0.95,9743.5,-0.8728623572817926,-99.45702364899908
2024-11-06,-0.0022010779961619,5.57153525088092,0.1682647254679565,1.0759808691795336,994.5,5.739799976348877,0,0,0,326.8417189788215,-0.95,9743.5,5.019446673438353,-96.73158281021178
2024-11-07,-0.0022144419736746,5.5274623262784655,0.1473375928499525,0.9405254894778317,1015.5,5.674799919128418,0,0,0,351.0822408688109,-0.95,9743.5,0.07416593562696358,-96.48917759131189
2024-11-08,-0.0022248764031505,5.52636793726817,0.1646320474730407,1.0495588498960242,1016.75,5.690999984741211,0,0,0,216.37999127462172,-0.95,9743.5,-0.38367719557915053,-97.83620008725377
2024-11-11,-0.002238459716547,5.539545708929216,0.1968544184816725,1.2535652458491322,1011.75,5.736400127410889,0,0,0,167.71343234609958,-0.95,9743.5,-0.22491247292249072,-98.32286567653901
2024-11-12,-0.0022578747183576,5.560963335211734,0.1944368456049163,1.2366975640805846,1003.5,5.75540018081665,0,0,0,212.03418462003174,-0.95,9743.5,0.26426477387017056,-97.87965815379968
2024-11-13,-0.0022792777554254,5.56237214829324,0.1858277914345434,1.1812213910914655,1004.25,5.748199939727783,0,0,0,255.3848886602591,-0.95,9743.5,0.20445148558432893,-97.4461511133974
2024-11-14,-0.0023014150473324,5.608085305694255,0.1978147911990566,1.256994483805328,985.75,5.805900096893311,0,0,0,148.13945255556428,-0.95,9743.5,-0.4199364992474728,-98.51860547444436
2024-11-15,-0.0023200517774387,5.581741493134147,0.2065585442498863,1.3099237207070642,998.5,5.788300037384033,0,0,0,272.2983882856697,-0.95,9743.5,0.8381220099590675,-97.2770161171433
2024-11-18,-0.0023347961426414,5.558097557179893,0.2365024527383195,1.4954255750957437,1009.75,5.794600009918213,0,0,0,233.16022170789984,-0.95,9743.5,-0.14373264132841587,-97.668397782921
2024-11-19,-0.0023525864685626,5.587422822722193,0.1589770567333737,1.001568372950472,998.5,5.746399879455566,0,0,0,322.52206168007797,-0.95,9743.5,0.38326366014580954,-96.77477938319922
2024-11-20,-0.0023730017178283,5.609254275500987,0.1625457656977431,1.0240591154803989,990.5,5.7718000411987305,0,0,0,201.50822399729623,-0.95,9743.5,-0.37521103843996884,-97.98491776002703
2024-11-21,-0.0023933498140807,5.642742294493649,0.1279576833811067,0.806144287615053,977.75,5.770699977874756,0,0,0,245.31063125942637,-0.95,9743.5,0.21737280192950276,-97.54689368740573
2024-11-22,-0.0024075056444482,5.631210079696304,0.1828897089694683,1.1517770797579447,983.5,5.814099788665772,0,0,0,172.05317308204576,-0.95,9743.5,-0.29863140378905045,-98.27946826917953
2024-11-25,-0.0024242236887921,5.628573629239495,0.1707265645471265,1.0733099576675276,985.75,5.799300193786621,0,0,0,267.6819295269106,-0.95,9743.5,0.5558093159913015,-97.32318070473089
2024-11-26,-0.0024437871306771,5.63704203445619,0.1601581684857054,1.0062293542423688,983.5,5.797200202941895,0,0,0,246.9400552408497,-0.95,9743.5,-0.07748701723242658,-97.5305994475915
2024-11-27,-0.002461540890273,5.626878352728575,0.1827215236752337,1.147074192303653,988.75,5.809599876403809,0,0,0,223.1803812591461,-0.95,9743.5,-0.09621636294901578,-97.76819618740853
2024-11-29,-0.0024822114509642,5.628046100301869,0.3858537028597517,2.42035235207349,989.5,6.013899803161621,-1,-1,0,-109.57624371553538,-0.95,9724.5,-1.4909761471744276,-101.09576243715534
2024-12-02,-0.0025106762135528,5.643672783241032,0.3295270611193199,2.04619741098283,985.25,5.973199844360352,0,-1,1,288.79265888480404,-0.95,9724.5,-3.6355407804863447,-97.11207341115195
2024-12-03,-0.0025318164123465,5.631253583879857,0.4255463047309824,2.621700496736975,991.75,6.05679988861084,0,-1,2,91.53936900261397,-0.95,9724.5,-0.6830273686453784,-99.08460630997385
2024-12-04,-0.0025595921611898,5.656703921225561,0.3863959589929449,2.350836075049724,983.75,6.043099880218506,0,-1,3,245.98825817605575,-0.95,9724.5,1.6872400460727601,-97.54011741823945
2024-12-05,-0.0025838135208354,5.635522373997337,0.403277388728493,2.4280534976995325,993.75,6.03879976272583,0,-1,4,231.25996044912972,-0.95,9724.5,-0.05987398681600839,-97.6874003955087
2024-12-06,-0.0026091323326172,5.640041022827719,0.3702591366266272,2.204952529402849,993.75,6.010300159454346,0,-1,5,269.3344442136113,-0.95,9724.5,0.16463932489885902,-97.30665555786389
2024-12-09,-0.0026321152052125,5.654000363769042,0.4342998643498541,2.5629795462085485,990.0,6.0883002281188965,0,-1,6,101.21153974770823,-0.95,9724.5,-0.6242161300860704,-98.98788460252291
2024-12-10,-0.0026655532279536,5.646812437281062,0.4297876374870046,2.5080657997486435,994.75,6.076600074768066,0,-1,7,242.7565663104997,-0.95,9724.5,1.3985067998730503,-97.572434336895
2024-12-11,-0.0026988066869745,5.649950658131333,0.395349348735122,2.283320307302865,995.5,6.045300006866455,0,-1,8,273.43371974568436,-0.95,9724.5,0.12637002533619135,-97.26566280254315
2024-12-12,-0.0027286824168003,5.653856943766117,0.298843194325924,1.711263893822277,995.75,5.952700138092041,0,-1,9,370.0177993412635,-0.95,9724.5,0.35322666014056436,-96.29982200658736
2024-12-13,-0.0027527784614677,5.678060137111983,0.3180398117710741,1.8128833292508528,988.25,5.996099948883057,0,0,0,155.237616048169,-0.95,9724.5,-0.5804590581195394,-98.4476238395183
2024-12-16,-0.0027793343794461,5.699504398402692,0.3413958320050225,1.9359594239768916,982.0,6.040900230407715,0,0,0,153.5200833687686,-0.95,9724.5,-0.011063894970323788,-98.46479916631232
2024-12-17,-0.0028121567838399,5.719222468877792,0.4280772976627354,2.414854568733108,976.75,6.147299766540527,-1,-1,0,38.17467517941441,-0.95,9705.5,-0.7513375817565476,-99.61825324820586
2024-12-18,-0.0028448680234368,5.795991022898564,0.3072089359027057,1.715036576627584,951.75,6.1031999588012695,0,-1,1,273.6515770230144,-0.95,9705.5,6.168406168144171,-97.26348422976986
2024-12-19,-0.002871112972032,5.768744361569173,0.52015553695988,2.8885257738953256,963.0,6.288899898529053,0,-1,2,-83.55319165725632,-0.95,9705.5,-1.305326914488161,-100.83553191657258
2024-12-20,-0.0029097243320508,5.742580127015854,0.409019757017349,2.236460420572602,974.5,6.151599884033203,0,-1,3,412.9051358355464,-0.95,9705.5,-5.941823617334993,-95.87094864164453
2024-12-23,-0.0029385237116008,5.762403795182654,0.3217961102128539,1.7431932271494004,969.5,6.084199905395508,0,-1,4,309.5867106327969,-0.95,9705.5,-0.25022315354270525,-96.90413289367203
2024-12-24,-0.0029665386081701,5.749997979316124,0.4439021290212785,2.3923718952592354,975.25,6.193900108337402,0,-1,5,34.211754355112134,-0.95,9705.5,-0.8894921739851717,-99.65788245644887
2024-12-26,-0.0029971406010919,5.717224507228272,0.4655753089033201,2.482160664894033,988.0,6.182799816131592,0,-1,6,222.5252626149486,-0.95,9705.5,5.5043511158525975,-97.77474737385052
2024-12-27,-0.0030247766032571,5.746244628752309,0.4022553369154158,2.119341321772344,980.0,6.148499965667725,0,-1,7,258.2024307913962,-0.95,9705.5,0.16032861957872332,-97.41797569208603
2024-12-30,-0.0030498364367095,5.74461446369704,0.4490853730339168,2.345701089543668,982.0,6.193699836730957,0,-1,8,135.66202691739454,-0.95,9705.5,-0.474590434715942,-98.64337973082606
2024-12-31,-0.0030725260042897,5.699196090278236,0.4787037472156603,2.473603714792097,998.25,6.1778998374938965,0,-1,9,229.73430206641933,-0.95,9705.5,0.6934311486168933,-97.70265697933581
